{
    "usingComponents": {
        "t-swiper": "../../../../miniprogram_npm/tdesign-miniprogram/swiper/swiper",
        "t-notice-bar": "../../../../miniprogram_npm/tdesign-miniprogram/notice-bar/notice-bar",
        "t-grid": "../../../../miniprogram_npm/tdesign-miniprogram/grid/grid",
        "t-grid-item": "../../../../miniprogram_npm/tdesign-miniprogram/grid-item/grid-item",
        "ad": "/components/ad/ad",
        "no-data": "/components/no-data/no-data",
        "watermark": "/components/watermark/watermark"
    },
    "navigationStyle": "default",
    "navigationBarTitleText": "我超爱学习~"
}