{
    "usingComponents": {
        "t-button": "../../../../miniprogram_npm/tdesign-miniprogram/button/button",
        "t-input": "../../../../miniprogram_npm/tdesign-miniprogram/input/input",
        "t-collapse": "../../../../miniprogram_npm/tdesign-miniprogram/collapse/collapse",
        "t-collapse-panel": "../../../../miniprogram_npm/tdesign-miniprogram/collapse-panel/collapse-panel",
        "t-checkbox": "../../../../miniprogram_npm/tdesign-miniprogram/checkbox/checkbox",
        "t-checkbox-group": "../../../../miniprogram_npm/tdesign-miniprogram/checkbox-group/checkbox-group",
        "t-icon": "../../../../miniprogram_npm/tdesign-miniprogram/icon/icon",
        "t-image": "../../../../miniprogram_npm/tdesign-miniprogram/image/image",
        "t-dialog": "../../../../miniprogram_npm/tdesign-miniprogram/dialog/dialog",
        "t-fab": "../../../../miniprogram_npm/tdesign-miniprogram/fab/fab",
        "ad": "/components/ad/ad",
        "no-data": "/components/no-data/no-data",
        "watermark": "/components/watermark/watermark"
    },
    "navigationBarBackgroundColor": "#f6f6f6",
    "navigationStyle": "default",
    "navigationBarTitleText": "扫码工具"
}