{
    "navigationStyle": "default",
    "navigationBarTitleText": "",
    "navigationBarBackgroundColor": "#f3f3f3",
    "usingComponents": {
        "t-button": "../../../../miniprogram_npm/tdesign-miniprogram/button/button",
        "t-input": "../../../../miniprogram_npm/tdesign-miniprogram/input/input",
        "t-collapse": "../../../../miniprogram_npm/tdesign-miniprogram/collapse/collapse",
        "t-collapse-panel": "../../../../miniprogram_npm/tdesign-miniprogram/collapse-panel/collapse-panel",
        "ad": "/components/ad/ad",
        "no-data": "/components/no-data/no-data",
        "watermark": "/components/watermark/watermark"
    }
}