{
    "usingComponents": {
        "t-button": "../../miniprogram_npm/tdesign-miniprogram/button/button",
        "t-switch": "../../miniprogram_npm/tdesign-miniprogram/switch/switch",
        "t-cell": "../../miniprogram_npm/tdesign-miniprogram/cell/cell",
        "t-popup": "../../miniprogram_npm/tdesign-miniprogram/popup/popup",
        "ad": "/components/ad/ad",
        "no-data": "/components/no-data/no-data",
        "watermark": "/components/watermark/watermark"
    },
    "navigationStyle": "default",
    "navigationBarTitleText": "全局设置"
}