{"subPackages":[{"root":"packages/sign-package/"},{"root":"packages/tools-package/"},{"root":"packages/static-package/","independent":true}],"entryPagePath":"pages/home/home.html","pages":["pages/home/home","pages/advertise/advertise","pages/share/share","pages/setting/setting","packages/sign-package/pages/im/im","packages/sign-package/pages/vip/vip","packages/sign-package/pages/scan/scan","packages/sign-package/pages/home/home","packages/sign-package/pages/login/login","packages/sign-package/pages/group/group","packages/sign-package/pages/course/course","packages/sign-package/pages/signin/signin","packages/sign-package/pages/setting/setting","packages/sign-package/pages/activity/activity","packages/tools-package/pages/calc/calc","packages/tools-package/pages/sport/sport","packages/tools-package/pages/hui798/hui798","packages/tools-package/pages/waadri/waadri","packages/tools-package/pages/question/question","packages/tools-package/pages/location/location","packages/static-package/pages/web/web","packages/static-package/pages/error/error"],"page":{"pages/home/home.html":{"window":{"navigationBarTitleText":"御坂网络 Misaka","navigationStyle":"default"}},"pages/advertise/advertise.html":{"window":{}},"pages/share/share.html":{"window":{}},"pages/setting/setting.html":{"window":{"navigationBarTitleText":"全局设置","navigationStyle":"default"}},"packages/sign-package/pages/im/im.html":{"window":{"navigationBarBackgroundColor":"#f3f3f3","navigationBarTitleText":"群聊学习","navigationStyle":"default"}},"packages/sign-package/pages/vip/vip.html":{"window":{"navigationStyle":"default","navigationBarTitleText":"","navigationBarBackgroundColor":"#f3f3f3"}},"packages/sign-package/pages/scan/scan.html":{"window":{"navigationBarTitleText":"扫码工具","navigationBarBackgroundColor":"#f6f6f6","navigationStyle":"default"}},"packages/sign-package/pages/home/home.html":{"window":{"navigationBarTitleText":"我超爱学习~","navigationStyle":"default"}},"packages/sign-package/pages/login/login.html":{"window":{"navigationBarTitleText":"账号管理","navigationStyle":"default"}},"packages/sign-package/pages/group/group.html":{"window":{"navigationBarBackgroundColor":"#f3f3f3","navigationBarTitleText":"群聊学习","navigationStyle":"default"}},"packages/sign-package/pages/course/course.html":{"window":{"navigationBarTitleText":"课程 / 班级","navigationStyle":"default"}},"packages/sign-package/pages/signin/signin.html":{"window":{"component":true,"navigationBarTitleText":"御坂网络 Misaka","navigationStyle":"default","navigationBarBackgroundColor":"#f3f3f3"}},"packages/sign-package/pages/setting/setting.html":{"window":{"navigationBarTitleText":"系统设置","navigationStyle":"default"}},"packages/sign-package/pages/activity/activity.html":{"window":{"navigationBarTitleText":"活动列表","navigationStyle":"default"}},"packages/tools-package/pages/calc/calc.html":{"window":{"navigationBarBackgroundColor":"#000000","navigationBarTitleText":"计算器","navigationStyle":"default","navigationBarTextStyle":"white"}},"packages/tools-package/pages/sport/sport.html":{"window":{"navigationStyle":"default","navigationBarTitleText":"运动打卡"}},"packages/tools-package/pages/hui798/hui798.html":{"window":{"navigationBarTitleText":"惠生活 798","navigationStyle":"default"}},"packages/tools-package/pages/waadri/waadri.html":{"window":{"navigationBarTitleText":"WAADRI · 专项答题","navigationStyle":"default"}},"packages/tools-package/pages/question/question.html":{"window":{"navigationBarTitleText":"御坂网络Misaka · 在线答题","navigationStyle":"default"}},"packages/tools-package/pages/location/location.html":{"window":{"navigationStyle":"default","navigationBarTitleText":"坐标拾取"}},"packages/static-package/pages/web/web.html":{"window":{}},"packages/static-package/pages/error/error.html":{"window":{"navigationStyle":"custom"}}},"permission":{"scope.userLocation":{"desc":"进行位置考勤"}},"global":{"window":{"navigationBarTextStyle":"black","navigationBarBackgroundColor":"#ffffff","navigationStyle":"custom"}},"preloadRule":{"pages/home/home":{"network":"all","packages":["packages/sign-package","packages/tools-package","packages/static-package"]}},"renderer":{"allUsed":["webview"],"default":"webview"},"resolveAlias":{"~/*":"/*","@utils/*":"utils/*"},"requiredPrivateInfos":["chooseLocation","getLocation"],"componentFramework":{"allUsed":["exparser"],"default":"exparser"}}