{
    "usingComponents": {
        "t-cell": "../../../../miniprogram_npm/tdesign-miniprogram/cell/cell",
        "t-switch": "../../../../miniprogram_npm/tdesign-miniprogram/switch/switch",
        "t-cell-group": "../../../../miniprogram_npm/tdesign-miniprogram/cell-group/cell-group",
        "t-input": "../../../../miniprogram_npm/tdesign-miniprogram/input/input",
        "t-radio": "../../../../miniprogram_npm/tdesign-miniprogram/radio/radio",
        "t-radio-group": "../../../../miniprogram_npm/tdesign-miniprogram/radio-group/radio-group",
        "ad": "/components/ad/ad",
        "no-data": "/components/no-data/no-data",
        "watermark": "/components/watermark/watermark"
    },
    "navigationStyle": "default",
    "navigationBarTitleText": "系统设置"
}