{
    "usingComponents": {
        "t-button": "../../../../miniprogram_npm/tdesign-miniprogram/button/button",
        "t-input": "../../../../miniprogram_npm/tdesign-miniprogram/input/input",
        "t-dialog": "../../../../miniprogram_npm/tdesign-miniprogram/dialog/dialog",
        "ad": "/components/ad/ad",
        "no-data": "/components/no-data/no-data",
        "watermark": "/components/watermark/watermark"
    },
    "navigationStyle": "default",
    "navigationBarTitleText": "御坂网络Misaka · 在线答题"
}