{
    "usingComponents": {
        "t-button": "../../../../miniprogram_npm/tdesign-miniprogram/button/button",
        "t-upload": "../../../../miniprogram_npm/tdesign-miniprogram/upload/upload",
        "t-input": "../../../../miniprogram_npm/tdesign-miniprogram/input/input",
        "ad": "/components/ad/ad",
        "no-data": "/components/no-data/no-data",
        "watermark": "/components/watermark/watermark"
    },
    "navigationBarTitleText": "群聊学习",
    "navigationStyle": "default",
    "navigationBarBackgroundColor": "#f3f3f3"
}