{
    "usingComponents": {
        "t-radio": "../../../../miniprogram_npm/tdesign-miniprogram/radio/radio",
        "t-radio-group": "../../../../miniprogram_npm/tdesign-miniprogram/radio-group/radio-group",
        "t-notice-bar": "../../../../miniprogram_npm/tdesign-miniprogram/notice-bar/notice-bar",
        "t-input": "../../../../miniprogram_npm/tdesign-miniprogram/input/input",
        "t-button": "../../../../miniprogram_npm/tdesign-miniprogram/button/button",
        "ad": "/components/ad/ad",
        "no-data": "/components/no-data/no-data",
        "watermark": "/components/watermark/watermark"
    },
    "navigationBarTitleText": "运动打卡",
    "navigationStyle": "default"
}