{
    "component": true,
    "navigationBarTitleText": "御坂网络 Misaka",
    "navigationStyle": "default",
    "navigationBarBackgroundColor": "#f3f3f3",
    "usingComponents": {
        "t-dialog": "../../../../miniprogram_npm/tdesign-miniprogram/dialog/dialog",
        "t-upload": "../../../../miniprogram_npm/tdesign-miniprogram/upload/upload",
        "t-button": "../../../../miniprogram_npm/tdesign-miniprogram/button/button",
        "t-fab": "../../../../miniprogram_npm/tdesign-miniprogram/fab/fab",
        "t-input": "../../../../miniprogram_npm/tdesign-miniprogram/input/input",
        "ad": "/components/ad/ad",
        "no-data": "/components/no-data/no-data",
        "watermark": "/components/watermark/watermark"
    }
}